<?xml version="1.0" encoding="UTF-8"?>
<project-private xmlns="http://www.netbeans.org/ns/project-private/1">
    <editor-bookmarks xmlns="http://www.netbeans.org/ns/editor-bookmarks/2" lastBookmarkId="0"/>
    <open-files xmlns="http://www.netbeans.org/ns/projectui-open-files/2">
        <group>
            <file>file:/C:/Users/joaqu/Documents/NetBeansProjects/tp7%20jo%202018/src/unt/herrera/prog2/tp7/gui/seminarios/modelos/Seminario.java</file>
            <file>file:/C:/Users/joaqu/Documents/NetBeansProjects/tp7%20jo%202018/src/unt/herrera/prog2/tp7/gui/trabajos/modelos/GestorTrabajos.java</file>
            <file>file:/C:/Users/joaqu/Documents/NetBeansProjects/tp7%20jo%202018/src/unt/herrera/prog2/tp7/gui/personas/modelos/Cargo.java</file>
            <file>file:/C:/Users/joaqu/Documents/NetBeansProjects/tp7%20jo%202018/src/unt/herrera/prog2/tp7/gui/trabajos/modelos/RolEnTrabajo.java</file>
            <file>file:/C:/Users/joaqu/Documents/NetBeansProjects/tp7%20jo%202018/src/unt/herrera/prog2/tp7/gui/trabajos/modelos/Trabajo.java</file>
            <file>file:/C:/Users/joaqu/Documents/NetBeansProjects/tp7%20jo%202018/src/unt/herrera/prog2/tp7/gui/personas/modelos/Persona.java</file>
            <file>file:/C:/Users/joaqu/Documents/NetBeansProjects/tp7%20jo%202018/src/unt/herrera/prog2/tp7/gui/trabajos/modelos/GestorAlumnoEnTrabajo.java</file>
            <file>file:/C:/Users/joaqu/Documents/NetBeansProjects/tp7%20jo%202018/src/unt/herrera/prog2/tp7/gui/principal/controladores/Principal.java</file>
            <file>file:/C:/Users/joaqu/Documents/NetBeansProjects/tp7%20jo%202018/src/unt/herrera/prog2/tp7/gui/trabajos/modelos/Rol.java</file>
            <file>file:/C:/Users/joaqu/Documents/NetBeansProjects/tp7%20jo%202018/src/unt/herrera/prog2/tp7/gui/areas/modelos/GestorAreas.java</file>
            <file>file:/C:/Users/joaqu/Documents/NetBeansProjects/tp7%20jo%202018/src/unt/herrera/prog2/tp7/gui/personas/modelos/Profesor.java</file>
        </group>
    </open-files>
</project-private>
